{
  "project_info": {
    "project_number": "653122251895",
    "project_id": "inf8405-bluetoothmap",
    "storage_bucket": "inf8405-bluetoothmap.appspot.com"
  },
  "client": [
    {
      "client_info": {
        "mobilesdk_app_id": "1:653122251895:android:d93a33e0b5e42a59252a72",
        "android_client_info": {
          "package_name": "com.inf8405.bluetoothmap"
        }
      },
      "oauth_client": [
        {
          "client_id": "653122251895-vkhbv6o39l0tgie1ah8kdidk4dlaoefc.apps.googleusercontent.com",
          "client_type": 3
        }
      ],
      "api_key": [
        {
          "current_key": "AIzaSyBa9PHOrds9UhTKQ78iNAorBuGBIJpVg3M"
        }
      ],
      "services": {
        "appinvite_service": {
          "other_platform_oauth_client": [
            {
              "client_id": "653122251895-vkhbv6o39l0tgie1ah8kdidk4dlaoefc.apps.googleusercontent.com",
              "client_type": 3
            }
          ]
        }
      }
    }
  ],
  "configuration_version": "1"
}